task_id,run_id,fault_type,fault_class,format,exact
t0,t0|wrong_argument,wrong_argument,tool,log,0
t0,t0|wrong_argument,wrong_argument,tool,diff,0
t0,t0|wrong_argument,wrong_argument,tool,prov,0
t0,t0|corrupted_output,corrupted_output,tool,log,0
t0,t0|corrupted_output,corrupted_output,tool,diff,0
t0,t0|corrupted_output,corrupted_output,tool,prov,1
t0,t0|dropped_note,dropped_note,state,log,1
t0,t0|dropped_note,dropped_note,state,diff,1
t0,t0|dropped_note,dropped_note,state,prov,1
t0,t0|overwritten_note,overwritten_note,state,log,1
t0,t0|overwritten_note,overwritten_note,state,diff,1
t0,t0|overwritten_note,overwritten_note,state,prov,1
t0,t0|wrong_source,wrong_source,evidence,log,1
t0,t0|wrong_source,wrong_source,evidence,diff,1
t0,t0|wrong_source,wrong_source,evidence,prov,1
t0,t0|no_source,no_source,evidence,log,1
t0,t0|no_source,no_source,evidence,diff,0
t0,t0|no_source,no_source,evidence,prov,1
t1,t1|wrong_argument,wrong_argument,tool,log,1
t1,t1|wrong_argument,wrong_argument,tool,diff,1
t1,t1|wrong_argument,wrong_argument,tool,prov,1
t1,t1|corrupted_output,corrupted_output,tool,log,0
t1,t1|corrupted_output,corrupted_output,tool,diff,0
t1,t1|corrupted_output,corrupted_output,tool,prov,1
t1,t1|dropped_note,dropped_note,state,log,1
t1,t1|dropped_note,dropped_note,state,diff,1
t1,t1|dropped_note,dropped_note,state,prov,1
t1,t1|overwritten_note,overwritten_note,state,log,0
t1,t1|overwritten_note,overwritten_note,state,diff,1
t1,t1|overwritten_note,overwritten_note,state,prov,1
t1,t1|wrong_source,wrong_source,evidence,log,1
t1,t1|wrong_source,wrong_source,evidence,diff,1
t1,t1|wrong_source,wrong_source,evidence,prov,1
t1,t1|no_source,no_source,evidence,log,1
t1,t1|no_source,no_source,evidence,diff,1
t1,t1|no_source,no_source,evidence,prov,1
t2,t2|wrong_argument,wrong_argument,tool,log,1
t2,t2|wrong_argument,wrong_argument,tool,diff,1
t2,t2|wrong_argument,wrong_argument,tool,prov,1
t2,t2|corrupted_output,corrupted_output,tool,log,1
t2,t2|corrupted_output,corrupted_output,tool,diff,1
t2,t2|corrupted_output,corrupted_output,tool,prov,0
t2,t2|dropped_note,dropped_note,state,log,1
t2,t2|dropped_note,dropped_note,state,diff,1
t2,t2|dropped_note,dropped_note,state,prov,0
t2,t2|overwritten_note,overwritten_note,state,log,0
t2,t2|overwritten_note,overwritten_note,state,diff,1
t2,t2|overwritten_note,overwritten_note,state,prov,1
t2,t2|wrong_source,wrong_source,evidence,log,0
t2,t2|wrong_source,wrong_source,evidence,diff,1
t2,t2|wrong_source,wrong_source,evidence,prov,1
t2,t2|no_source,no_source,evidence,log,1
t2,t2|no_source,no_source,evidence,diff,1
t2,t2|no_source,no_source,evidence,prov,1
t3,t3|wrong_argument,wrong_argument,tool,log,1
t3,t3|wrong_argument,wrong_argument,tool,diff,0
t3,t3|wrong_argument,wrong_argument,tool,prov,0
t3,t3|corrupted_output,corrupted_output,tool,log,0
t3,t3|corrupted_output,corrupted_output,tool,diff,0
t3,t3|corrupted_output,corrupted_output,tool,prov,0
t3,t3|dropped_note,dropped_note,state,log,0
t3,t3|dropped_note,dropped_note,state,diff,1
t3,t3|dropped_note,dropped_note,state,prov,0
t3,t3|overwritten_note,overwritten_note,state,log,1
t3,t3|overwritten_note,overwritten_note,state,diff,1
t3,t3|overwritten_note,overwritten_note,state,prov,0
t3,t3|wrong_source,wrong_source,evidence,log,1
t3,t3|wrong_source,wrong_source,evidence,diff,1
t3,t3|wrong_source,wrong_source,evidence,prov,1
t3,t3|no_source,no_source,evidence,log,1
t3,t3|no_source,no_source,evidence,diff,1
t3,t3|no_source,no_source,evidence,prov,1
t4,t4|wrong_argument,wrong_argument,tool,log,1
t4,t4|wrong_argument,wrong_argument,tool,diff,0
t4,t4|wrong_argument,wrong_argument,tool,prov,1
t4,t4|corrupted_output,corrupted_output,tool,log,1
t4,t4|corrupted_output,corrupted_output,tool,diff,0
t4,t4|corrupted_output,corrupted_output,tool,prov,1
t4,t4|dropped_note,dropped_note,state,log,1
t4,t4|dropped_note,dropped_note,state,diff,1
t4,t4|dropped_note,dropped_note,state,prov,1
t4,t4|overwritten_note,overwritten_note,state,log,0
t4,t4|overwritten_note,overwritten_note,state,diff,1
t4,t4|overwritten_note,overwritten_note,state,prov,0
t4,t4|wrong_source,wrong_source,evidence,log,1
t4,t4|wrong_source,wrong_source,evidence,diff,1
t4,t4|wrong_source,wrong_source,evidence,prov,1
t4,t4|no_source,no_source,evidence,log,0
t4,t4|no_source,no_source,evidence,diff,1
t4,t4|no_source,no_source,evidence,prov,1
t5,t5|wrong_argument,wrong_argument,tool,log,1
t5,t5|wrong_argument,wrong_argument,tool,diff,0
t5,t5|wrong_argument,wrong_argument,tool,prov,1
t5,t5|corrupted_output,corrupted_output,tool,log,1
t5,t5|corrupted_output,corrupted_output,tool,diff,0
t5,t5|corrupted_output,corrupted_output,tool,prov,0
t5,t5|dropped_note,dropped_note,state,log,1
t5,t5|dropped_note,dropped_note,state,diff,1
t5,t5|dropped_note,dropped_note,state,prov,0
t5,t5|overwritten_note,overwritten_note,state,log,0
t5,t5|overwritten_note,overwritten_note,state,diff,1
t5,t5|overwritten_note,overwritten_note,state,prov,1
t5,t5|wrong_source,wrong_source,evidence,log,0
t5,t5|wrong_source,wrong_source,evidence,diff,0
t5,t5|wrong_source,wrong_source,evidence,prov,1
t5,t5|no_source,no_source,evidence,log,1
t5,t5|no_source,no_source,evidence,diff,0
t5,t5|no_source,no_source,evidence,prov,1
t6,t6|wrong_argument,wrong_argument,tool,log,1
t6,t6|wrong_argument,wrong_argument,tool,diff,1
t6,t6|wrong_argument,wrong_argument,tool,prov,1
t6,t6|corrupted_output,corrupted_output,tool,log,0
t6,t6|corrupted_output,corrupted_output,tool,diff,1
t6,t6|corrupted_output,corrupted_output,tool,prov,0
t6,t6|dropped_note,dropped_note,state,log,1
t6,t6|dropped_note,dropped_note,state,diff,1
t6,t6|dropped_note,dropped_note,state,prov,0
t6,t6|overwritten_note,overwritten_note,state,log,1
t6,t6|overwritten_note,overwritten_note,state,diff,1
t6,t6|overwritten_note,overwritten_note,state,prov,1
t6,t6|wrong_source,wrong_source,evidence,log,1
t6,t6|wrong_source,wrong_source,evidence,diff,1
t6,t6|wrong_source,wrong_source,evidence,prov,1
t6,t6|no_source,no_source,evidence,log,0
t6,t6|no_source,no_source,evidence,diff,0
t6,t6|no_source,no_source,evidence,prov,1
t7,t7|wrong_argument,wrong_argument,tool,log,1
t7,t7|wrong_argument,wrong_argument,tool,diff,1
t7,t7|wrong_argument,wrong_argument,tool,prov,0
t7,t7|corrupted_output,corrupted_output,tool,log,0
t7,t7|corrupted_output,corrupted_output,tool,diff,1
t7,t7|corrupted_output,corrupted_output,tool,prov,0
t7,t7|dropped_note,dropped_note,state,log,1
t7,t7|dropped_note,dropped_note,state,diff,1
t7,t7|dropped_note,dropped_note,state,prov,1
t7,t7|overwritten_note,overwritten_note,state,log,1
t7,t7|overwritten_note,overwritten_note,state,diff,1
t7,t7|overwritten_note,overwritten_note,state,prov,0
t7,t7|wrong_source,wrong_source,evidence,log,0
t7,t7|wrong_source,wrong_source,evidence,diff,0
t7,t7|wrong_source,wrong_source,evidence,prov,1
t7,t7|no_source,no_source,evidence,log,1
t7,t7|no_source,no_source,evidence,diff,1
t7,t7|no_source,no_source,evidence,prov,1
t8,t8|wrong_argument,wrong_argument,tool,log,1
t8,t8|wrong_argument,wrong_argument,tool,diff,1
t8,t8|wrong_argument,wrong_argument,tool,prov,0
t8,t8|corrupted_output,corrupted_output,tool,log,1
t8,t8|corrupted_output,corrupted_output,tool,diff,0
t8,t8|corrupted_output,corrupted_output,tool,prov,1
t8,t8|dropped_note,dropped_note,state,log,1
t8,t8|dropped_note,dropped_note,state,diff,1
t8,t8|dropped_note,dropped_note,state,prov,1
t8,t8|overwritten_note,overwritten_note,state,log,0
t8,t8|overwritten_note,overwritten_note,state,diff,1
t8,t8|overwritten_note,overwritten_note,state,prov,0
t8,t8|wrong_source,wrong_source,evidence,log,1
t8,t8|wrong_source,wrong_source,evidence,diff,1
t8,t8|wrong_source,wrong_source,evidence,prov,1
t8,t8|no_source,no_source,evidence,log,1
t8,t8|no_source,no_source,evidence,diff,1
t8,t8|no_source,no_source,evidence,prov,1
t9,t9|wrong_argument,wrong_argument,tool,log,1
t9,t9|wrong_argument,wrong_argument,tool,diff,1
t9,t9|wrong_argument,wrong_argument,tool,prov,1
t9,t9|corrupted_output,corrupted_output,tool,log,0
t9,t9|corrupted_output,corrupted_output,tool,diff,1
t9,t9|corrupted_output,corrupted_output,tool,prov,1
t9,t9|dropped_note,dropped_note,state,log,1
t9,t9|dropped_note,dropped_note,state,diff,1
t9,t9|dropped_note,dropped_note,state,prov,1
t9,t9|overwritten_note,overwritten_note,state,log,1
t9,t9|overwritten_note,overwritten_note,state,diff,1
t9,t9|overwritten_note,overwritten_note,state,prov,1
t9,t9|wrong_source,wrong_source,evidence,log,0
t9,t9|wrong_source,wrong_source,evidence,diff,0
t9,t9|wrong_source,wrong_source,evidence,prov,1
t9,t9|no_source,no_source,evidence,log,0
t9,t9|no_source,no_source,evidence,diff,0
t9,t9|no_source,no_source,evidence,prov,1
t10,t10|wrong_argument,wrong_argument,tool,log,1
t10,t10|wrong_argument,wrong_argument,tool,diff,0
t10,t10|wrong_argument,wrong_argument,tool,prov,1
t10,t10|corrupted_output,corrupted_output,tool,log,0
t10,t10|corrupted_output,corrupted_output,tool,diff,1
t10,t10|corrupted_output,corrupted_output,tool,prov,0
t10,t10|dropped_note,dropped_note,state,log,1
t10,t10|dropped_note,dropped_note,state,diff,1
t10,t10|dropped_note,dropped_note,state,prov,1
t10,t10|overwritten_note,overwritten_note,state,log,1
t10,t10|overwritten_note,overwritten_note,state,diff,1
t10,t10|overwritten_note,overwritten_note,state,prov,0
t10,t10|wrong_source,wrong_source,evidence,log,1
t10,t10|wrong_source,wrong_source,evidence,diff,1
t10,t10|wrong_source,wrong_source,evidence,prov,1
t10,t10|no_source,no_source,evidence,log,1
t10,t10|no_source,no_source,evidence,diff,1
t10,t10|no_source,no_source,evidence,prov,0
t11,t11|wrong_argument,wrong_argument,tool,log,1
t11,t11|wrong_argument,wrong_argument,tool,diff,1
t11,t11|wrong_argument,wrong_argument,tool,prov,0
t11,t11|corrupted_output,corrupted_output,tool,log,1
t11,t11|corrupted_output,corrupted_output,tool,diff,0
t11,t11|corrupted_output,corrupted_output,tool,prov,0
t11,t11|dropped_note,dropped_note,state,log,0
t11,t11|dropped_note,dropped_note,state,diff,1
t11,t11|dropped_note,dropped_note,state,prov,1
t11,t11|overwritten_note,overwritten_note,state,log,1
t11,t11|overwritten_note,overwritten_note,state,diff,1
t11,t11|overwritten_note,overwritten_note,state,prov,0
t11,t11|wrong_source,wrong_source,evidence,log,0
t11,t11|wrong_source,wrong_source,evidence,diff,1
t11,t11|wrong_source,wrong_source,evidence,prov,1
t11,t11|no_source,no_source,evidence,log,1
t11,t11|no_source,no_source,evidence,diff,0
t11,t11|no_source,no_source,evidence,prov,1
t12,t12|wrong_argument,wrong_argument,tool,log,1
t12,t12|wrong_argument,wrong_argument,tool,diff,1
t12,t12|wrong_argument,wrong_argument,tool,prov,1
t12,t12|corrupted_output,corrupted_output,tool,log,1
t12,t12|corrupted_output,corrupted_output,tool,diff,1
t12,t12|corrupted_output,corrupted_output,tool,prov,1
t12,t12|dropped_note,dropped_note,state,log,1
t12,t12|dropped_note,dropped_note,state,diff,1
t12,t12|dropped_note,dropped_note,state,prov,1
t12,t12|overwritten_note,overwritten_note,state,log,1
t12,t12|overwritten_note,overwritten_note,state,diff,1
t12,t12|overwritten_note,overwritten_note,state,prov,1
t12,t12|wrong_source,wrong_source,evidence,log,1
t12,t12|wrong_source,wrong_source,evidence,diff,1
t12,t12|wrong_source,wrong_source,evidence,prov,1
t12,t12|no_source,no_source,evidence,log,1
t12,t12|no_source,no_source,evidence,diff,1
t12,t12|no_source,no_source,evidence,prov,1
t13,t13|wrong_argument,wrong_argument,tool,log,1
t13,t13|wrong_argument,wrong_argument,tool,diff,1
t13,t13|wrong_argument,wrong_argument,tool,prov,1
t13,t13|corrupted_output,corrupted_output,tool,log,1
t13,t13|corrupted_output,corrupted_output,tool,diff,0
t13,t13|corrupted_output,corrupted_output,tool,prov,1
t13,t13|dropped_note,dropped_note,state,log,1
t13,t13|dropped_note,dropped_note,state,diff,1
t13,t13|dropped_note,dropped_note,state,prov,1
t13,t13|overwritten_note,overwritten_note,state,log,0
t13,t13|overwritten_note,overwritten_note,state,diff,1
t13,t13|overwritten_note,overwritten_note,state,prov,1
t13,t13|wrong_source,wrong_source,evidence,log,1
t13,t13|wrong_source,wrong_source,evidence,diff,1
t13,t13|wrong_source,wrong_source,evidence,prov,1
t13,t13|no_source,no_source,evidence,log,0
t13,t13|no_source,no_source,evidence,diff,0
t13,t13|no_source,no_source,evidence,prov,1
t14,t14|wrong_argument,wrong_argument,tool,log,1
t14,t14|wrong_argument,wrong_argument,tool,diff,1
t14,t14|wrong_argument,wrong_argument,tool,prov,1
t14,t14|corrupted_output,corrupted_output,tool,log,1
t14,t14|corrupted_output,corrupted_output,tool,diff,1
t14,t14|corrupted_output,corrupted_output,tool,prov,1
t14,t14|dropped_note,dropped_note,state,log,1
t14,t14|dropped_note,dropped_note,state,diff,1
t14,t14|dropped_note,dropped_note,state,prov,1
t14,t14|overwritten_note,overwritten_note,state,log,0
t14,t14|overwritten_note,overwritten_note,state,diff,1
t14,t14|overwritten_note,overwritten_note,state,prov,0
t14,t14|wrong_source,wrong_source,evidence,log,0
t14,t14|wrong_source,wrong_source,evidence,diff,1
t14,t14|wrong_source,wrong_source,evidence,prov,1
t14,t14|no_source,no_source,evidence,log,1
t14,t14|no_source,no_source,evidence,diff,1
t14,t14|no_source,no_source,evidence,prov,1
t15,t15|wrong_argument,wrong_argument,tool,log,1
t15,t15|wrong_argument,wrong_argument,tool,diff,0
t15,t15|wrong_argument,wrong_argument,tool,prov,1
t15,t15|corrupted_output,corrupted_output,tool,log,1
t15,t15|corrupted_output,corrupted_output,tool,diff,1
t15,t15|corrupted_output,corrupted_output,tool,prov,0
t15,t15|dropped_note,dropped_note,state,log,0
t15,t15|dropped_note,dropped_note,state,diff,1
t15,t15|dropped_note,dropped_note,state,prov,1
t15,t15|overwritten_note,overwritten_note,state,log,0
t15,t15|overwritten_note,overwritten_note,state,diff,1
t15,t15|overwritten_note,overwritten_note,state,prov,0
t15,t15|wrong_source,wrong_source,evidence,log,1
t15,t15|wrong_source,wrong_source,evidence,diff,0
t15,t15|wrong_source,wrong_source,evidence,prov,1
t15,t15|no_source,no_source,evidence,log,1
t15,t15|no_source,no_source,evidence,diff,1
t15,t15|no_source,no_source,evidence,prov,1
t16,t16|wrong_argument,wrong_argument,tool,log,1
t16,t16|wrong_argument,wrong_argument,tool,diff,1
t16,t16|wrong_argument,wrong_argument,tool,prov,1
t16,t16|corrupted_output,corrupted_output,tool,log,0
t16,t16|corrupted_output,corrupted_output,tool,diff,1
t16,t16|corrupted_output,corrupted_output,tool,prov,1
t16,t16|dropped_note,dropped_note,state,log,1
t16,t16|dropped_note,dropped_note,state,diff,1
t16,t16|dropped_note,dropped_note,state,prov,1
t16,t16|overwritten_note,overwritten_note,state,log,1
t16,t16|overwritten_note,overwritten_note,state,diff,1
t16,t16|overwritten_note,overwritten_note,state,prov,1
t16,t16|wrong_source,wrong_source,evidence,log,1
t16,t16|wrong_source,wrong_source,evidence,diff,1
t16,t16|wrong_source,wrong_source,evidence,prov,1
t16,t16|no_source,no_source,evidence,log,1
t16,t16|no_source,no_source,evidence,diff,1
t16,t16|no_source,no_source,evidence,prov,1
t17,t17|wrong_argument,wrong_argument,tool,log,1
t17,t17|wrong_argument,wrong_argument,tool,diff,1
t17,t17|wrong_argument,wrong_argument,tool,prov,1
t17,t17|corrupted_output,corrupted_output,tool,log,1
t17,t17|corrupted_output,corrupted_output,tool,diff,0
t17,t17|corrupted_output,corrupted_output,tool,prov,1
t17,t17|dropped_note,dropped_note,state,log,1
t17,t17|dropped_note,dropped_note,state,diff,1
t17,t17|dropped_note,dropped_note,state,prov,1
t17,t17|overwritten_note,overwritten_note,state,log,1
t17,t17|overwritten_note,overwritten_note,state,diff,0
t17,t17|overwritten_note,overwritten_note,state,prov,1
t17,t17|wrong_source,wrong_source,evidence,log,1
t17,t17|wrong_source,wrong_source,evidence,diff,0
t17,t17|wrong_source,wrong_source,evidence,prov,1
t17,t17|no_source,no_source,evidence,log,1
t17,t17|no_source,no_source,evidence,diff,1
t17,t17|no_source,no_source,evidence,prov,1
t18,t18|wrong_argument,wrong_argument,tool,log,0
t18,t18|wrong_argument,wrong_argument,tool,diff,0
t18,t18|wrong_argument,wrong_argument,tool,prov,1
t18,t18|corrupted_output,corrupted_output,tool,log,1
t18,t18|corrupted_output,corrupted_output,tool,diff,0
t18,t18|corrupted_output,corrupted_output,tool,prov,0
t18,t18|dropped_note,dropped_note,state,log,1
t18,t18|dropped_note,dropped_note,state,diff,1
t18,t18|dropped_note,dropped_note,state,prov,1
t18,t18|overwritten_note,overwritten_note,state,log,1
t18,t18|overwritten_note,overwritten_note,state,diff,1
t18,t18|overwritten_note,overwritten_note,state,prov,1
t18,t18|wrong_source,wrong_source,evidence,log,0
t18,t18|wrong_source,wrong_source,evidence,diff,1
t18,t18|wrong_source,wrong_source,evidence,prov,0
t18,t18|no_source,no_source,evidence,log,0
t18,t18|no_source,no_source,evidence,diff,1
t18,t18|no_source,no_source,evidence,prov,1
t19,t19|wrong_argument,wrong_argument,tool,log,0
t19,t19|wrong_argument,wrong_argument,tool,diff,1
t19,t19|wrong_argument,wrong_argument,tool,prov,0
t19,t19|corrupted_output,corrupted_output,tool,log,1
t19,t19|corrupted_output,corrupted_output,tool,diff,1
t19,t19|corrupted_output,corrupted_output,tool,prov,1
t19,t19|dropped_note,dropped_note,state,log,1
t19,t19|dropped_note,dropped_note,state,diff,1
t19,t19|dropped_note,dropped_note,state,prov,1
t19,t19|overwritten_note,overwritten_note,state,log,1
t19,t19|overwritten_note,overwritten_note,state,diff,1
t19,t19|overwritten_note,overwritten_note,state,prov,1
t19,t19|wrong_source,wrong_source,evidence,log,1
t19,t19|wrong_source,wrong_source,evidence,diff,1
t19,t19|wrong_source,wrong_source,evidence,prov,1
t19,t19|no_source,no_source,evidence,log,0
t19,t19|no_source,no_source,evidence,diff,0
t19,t19|no_source,no_source,evidence,prov,1
t20,t20|wrong_argument,wrong_argument,tool,log,1
t20,t20|wrong_argument,wrong_argument,tool,diff,1
t20,t20|wrong_argument,wrong_argument,tool,prov,1
t20,t20|corrupted_output,corrupted_output,tool,log,1
t20,t20|corrupted_output,corrupted_output,tool,diff,0
t20,t20|corrupted_output,corrupted_output,tool,prov,1
t20,t20|dropped_note,dropped_note,state,log,0
t20,t20|dropped_note,dropped_note,state,diff,1
t20,t20|dropped_note,dropped_note,state,prov,1
t20,t20|overwritten_note,overwritten_note,state,log,1
t20,t20|overwritten_note,overwritten_note,state,diff,1
t20,t20|overwritten_note,overwritten_note,state,prov,1
t20,t20|wrong_source,wrong_source,evidence,log,1
t20,t20|wrong_source,wrong_source,evidence,diff,1
t20,t20|wrong_source,wrong_source,evidence,prov,1
t20,t20|no_source,no_source,evidence,log,1
t20,t20|no_source,no_source,evidence,diff,1
t20,t20|no_source,no_source,evidence,prov,1
t21,t21|wrong_argument,wrong_argument,tool,log,1
t21,t21|wrong_argument,wrong_argument,tool,diff,1
t21,t21|wrong_argument,wrong_argument,tool,prov,0
t21,t21|corrupted_output,corrupted_output,tool,log,1
t21,t21|corrupted_output,corrupted_output,tool,diff,1
t21,t21|corrupted_output,corrupted_output,tool,prov,1
t21,t21|dropped_note,dropped_note,state,log,1
t21,t21|dropped_note,dropped_note,state,diff,1
t21,t21|dropped_note,dropped_note,state,prov,1
t21,t21|overwritten_note,overwritten_note,state,log,1
t21,t21|overwritten_note,overwritten_note,state,diff,1
t21,t21|overwritten_note,overwritten_note,state,prov,1
t21,t21|wrong_source,wrong_source,evidence,log,1
t21,t21|wrong_source,wrong_source,evidence,diff,1
t21,t21|wrong_source,wrong_source,evidence,prov,1
t21,t21|no_source,no_source,evidence,log,1
t21,t21|no_source,no_source,evidence,diff,1
t21,t21|no_source,no_source,evidence,prov,1
t22,t22|wrong_argument,wrong_argument,tool,log,1
t22,t22|wrong_argument,wrong_argument,tool,diff,1
t22,t22|wrong_argument,wrong_argument,tool,prov,1
t22,t22|corrupted_output,corrupted_output,tool,log,0
t22,t22|corrupted_output,corrupted_output,tool,diff,1
t22,t22|corrupted_output,corrupted_output,tool,prov,1
t22,t22|dropped_note,dropped_note,state,log,1
t22,t22|dropped_note,dropped_note,state,diff,1
t22,t22|dropped_note,dropped_note,state,prov,1
t22,t22|overwritten_note,overwritten_note,state,log,1
t22,t22|overwritten_note,overwritten_note,state,diff,1
t22,t22|overwritten_note,overwritten_note,state,prov,1
t22,t22|wrong_source,wrong_source,evidence,log,1
t22,t22|wrong_source,wrong_source,evidence,diff,1
t22,t22|wrong_source,wrong_source,evidence,prov,1
t22,t22|no_source,no_source,evidence,log,0
t22,t22|no_source,no_source,evidence,diff,1
t22,t22|no_source,no_source,evidence,prov,1
t23,t23|wrong_argument,wrong_argument,tool,log,1
t23,t23|wrong_argument,wrong_argument,tool,diff,1
t23,t23|wrong_argument,wrong_argument,tool,prov,0
t23,t23|corrupted_output,corrupted_output,tool,log,1
t23,t23|corrupted_output,corrupted_output,tool,diff,1
t23,t23|corrupted_output,corrupted_output,tool,prov,1
t23,t23|dropped_note,dropped_note,state,log,0
t23,t23|dropped_note,dropped_note,state,diff,1
t23,t23|dropped_note,dropped_note,state,prov,1
t23,t23|overwritten_note,overwritten_note,state,log,1
t23,t23|overwritten_note,overwritten_note,state,diff,1
t23,t23|overwritten_note,overwritten_note,state,prov,0
t23,t23|wrong_source,wrong_source,evidence,log,1
t23,t23|wrong_source,wrong_source,evidence,diff,1
t23,t23|wrong_source,wrong_source,evidence,prov,1
t23,t23|no_source,no_source,evidence,log,0
t23,t23|no_source,no_source,evidence,diff,1
t23,t23|no_source,no_source,evidence,prov,1
t24,t24|wrong_argument,wrong_argument,tool,log,1
t24,t24|wrong_argument,wrong_argument,tool,diff,1
t24,t24|wrong_argument,wrong_argument,tool,prov,0
t24,t24|corrupted_output,corrupted_output,tool,log,1
t24,t24|corrupted_output,corrupted_output,tool,diff,1
t24,t24|corrupted_output,corrupted_output,tool,prov,1
t24,t24|dropped_note,dropped_note,state,log,0
t24,t24|dropped_note,dropped_note,state,diff,1
t24,t24|dropped_note,dropped_note,state,prov,1
t24,t24|overwritten_note,overwritten_note,state,log,0
t24,t24|overwritten_note,overwritten_note,state,diff,1
t24,t24|overwritten_note,overwritten_note,state,prov,0
t24,t24|wrong_source,wrong_source,evidence,log,1
t24,t24|wrong_source,wrong_source,evidence,diff,1
t24,t24|wrong_source,wrong_source,evidence,prov,0
t24,t24|no_source,no_source,evidence,log,0
t24,t24|no_source,no_source,evidence,diff,1
t24,t24|no_source,no_source,evidence,prov,1
t25,t25|wrong_argument,wrong_argument,tool,log,1
t25,t25|wrong_argument,wrong_argument,tool,diff,1
t25,t25|wrong_argument,wrong_argument,tool,prov,0
t25,t25|corrupted_output,corrupted_output,tool,log,1
t25,t25|corrupted_output,corrupted_output,tool,diff,1
t25,t25|corrupted_output,corrupted_output,tool,prov,0
t25,t25|dropped_note,dropped_note,state,log,0
t25,t25|dropped_note,dropped_note,state,diff,1
t25,t25|dropped_note,dropped_note,state,prov,1
t25,t25|overwritten_note,overwritten_note,state,log,1
t25,t25|overwritten_note,overwritten_note,state,diff,1
t25,t25|overwritten_note,overwritten_note,state,prov,1
t25,t25|wrong_source,wrong_source,evidence,log,1
t25,t25|wrong_source,wrong_source,evidence,diff,1
t25,t25|wrong_source,wrong_source,evidence,prov,1
t25,t25|no_source,no_source,evidence,log,1
t25,t25|no_source,no_source,evidence,diff,1
t25,t25|no_source,no_source,evidence,prov,1
t26,t26|wrong_argument,wrong_argument,tool,log,1
t26,t26|wrong_argument,wrong_argument,tool,diff,1
t26,t26|wrong_argument,wrong_argument,tool,prov,0
t26,t26|corrupted_output,corrupted_output,tool,log,1
t26,t26|corrupted_output,corrupted_output,tool,diff,0
t26,t26|corrupted_output,corrupted_output,tool,prov,1
t26,t26|dropped_note,dropped_note,state,log,0
t26,t26|dropped_note,dropped_note,state,diff,1
t26,t26|dropped_note,dropped_note,state,prov,1
t26,t26|overwritten_note,overwritten_note,state,log,1
t26,t26|overwritten_note,overwritten_note,state,diff,1
t26,t26|overwritten_note,overwritten_note,state,prov,0
t26,t26|wrong_source,wrong_source,evidence,log,0
t26,t26|wrong_source,wrong_source,evidence,diff,1
t26,t26|wrong_source,wrong_source,evidence,prov,1
t26,t26|no_source,no_source,evidence,log,1
t26,t26|no_source,no_source,evidence,diff,0
t26,t26|no_source,no_source,evidence,prov,1
t27,t27|wrong_argument,wrong_argument,tool,log,1
t27,t27|wrong_argument,wrong_argument,tool,diff,1
t27,t27|wrong_argument,wrong_argument,tool,prov,0
t27,t27|corrupted_output,corrupted_output,tool,log,1
t27,t27|corrupted_output,corrupted_output,tool,diff,1
t27,t27|corrupted_output,corrupted_output,tool,prov,1
t27,t27|dropped_note,dropped_note,state,log,0
t27,t27|dropped_note,dropped_note,state,diff,1
t27,t27|dropped_note,dropped_note,state,prov,1
t27,t27|overwritten_note,overwritten_note,state,log,1
t27,t27|overwritten_note,overwritten_note,state,diff,1
t27,t27|overwritten_note,overwritten_note,state,prov,1
t27,t27|wrong_source,wrong_source,evidence,log,1
t27,t27|wrong_source,wrong_source,evidence,diff,1
t27,t27|wrong_source,wrong_source,evidence,prov,1
t27,t27|no_source,no_source,evidence,log,1
t27,t27|no_source,no_source,evidence,diff,0
t27,t27|no_source,no_source,evidence,prov,1
t28,t28|wrong_argument,wrong_argument,tool,log,1
t28,t28|wrong_argument,wrong_argument,tool,diff,1
t28,t28|wrong_argument,wrong_argument,tool,prov,1
t28,t28|corrupted_output,corrupted_output,tool,log,1
t28,t28|corrupted_output,corrupted_output,tool,diff,1
t28,t28|corrupted_output,corrupted_output,tool,prov,0
t28,t28|dropped_note,dropped_note,state,log,0
t28,t28|dropped_note,dropped_note,state,diff,1
t28,t28|dropped_note,dropped_note,state,prov,0
t28,t28|overwritten_note,overwritten_note,state,log,1
t28,t28|overwritten_note,overwritten_note,state,diff,1
t28,t28|overwritten_note,overwritten_note,state,prov,1
t28,t28|wrong_source,wrong_source,evidence,log,1
t28,t28|wrong_source,wrong_source,evidence,diff,1
t28,t28|wrong_source,wrong_source,evidence,prov,1
t28,t28|no_source,no_source,evidence,log,1
t28,t28|no_source,no_source,evidence,diff,1
t28,t28|no_source,no_source,evidence,prov,1
t29,t29|wrong_argument,wrong_argument,tool,log,1
t29,t29|wrong_argument,wrong_argument,tool,diff,1
t29,t29|wrong_argument,wrong_argument,tool,prov,0
t29,t29|corrupted_output,corrupted_output,tool,log,1
t29,t29|corrupted_output,corrupted_output,tool,diff,1
t29,t29|corrupted_output,corrupted_output,tool,prov,1
t29,t29|dropped_note,dropped_note,state,log,1
t29,t29|dropped_note,dropped_note,state,diff,1
t29,t29|dropped_note,dropped_note,state,prov,0
t29,t29|overwritten_note,overwritten_note,state,log,1
t29,t29|overwritten_note,overwritten_note,state,diff,1
t29,t29|overwritten_note,overwritten_note,state,prov,1
t29,t29|wrong_source,wrong_source,evidence,log,1
t29,t29|wrong_source,wrong_source,evidence,diff,1
t29,t29|wrong_source,wrong_source,evidence,prov,1
t29,t29|no_source,no_source,evidence,log,1
t29,t29|no_source,no_source,evidence,diff,1
t29,t29|no_source,no_source,evidence,prov,1
t30,t30|wrong_argument,wrong_argument,tool,log,1
t30,t30|wrong_argument,wrong_argument,tool,diff,0
t30,t30|wrong_argument,wrong_argument,tool,prov,1
t30,t30|corrupted_output,corrupted_output,tool,log,1
t30,t30|corrupted_output,corrupted_output,tool,diff,0
t30,t30|corrupted_output,corrupted_output,tool,prov,1
t30,t30|dropped_note,dropped_note,state,log,1
t30,t30|dropped_note,dropped_note,state,diff,1
t30,t30|dropped_note,dropped_note,state,prov,1
t30,t30|overwritten_note,overwritten_note,state,log,1
t30,t30|overwritten_note,overwritten_note,state,diff,1
t30,t30|overwritten_note,overwritten_note,state,prov,0
t30,t30|wrong_source,wrong_source,evidence,log,0
t30,t30|wrong_source,wrong_source,evidence,diff,1
t30,t30|wrong_source,wrong_source,evidence,prov,1
t30,t30|no_source,no_source,evidence,log,1
t30,t30|no_source,no_source,evidence,diff,1
t30,t30|no_source,no_source,evidence,prov,1
t31,t31|wrong_argument,wrong_argument,tool,log,1
t31,t31|wrong_argument,wrong_argument,tool,diff,0
t31,t31|wrong_argument,wrong_argument,tool,prov,0
t31,t31|corrupted_output,corrupted_output,tool,log,0
t31,t31|corrupted_output,corrupted_output,tool,diff,0
t31,t31|corrupted_output,corrupted_output,tool,prov,0
t31,t31|dropped_note,dropped_note,state,log,0
t31,t31|dropped_note,dropped_note,state,diff,1
t31,t31|dropped_note,dropped_note,state,prov,0
t31,t31|overwritten_note,overwritten_note,state,log,1
t31,t31|overwritten_note,overwritten_note,state,diff,1
t31,t31|overwritten_note,overwritten_note,state,prov,1
t31,t31|wrong_source,wrong_source,evidence,log,1
t31,t31|wrong_source,wrong_source,evidence,diff,1
t31,t31|wrong_source,wrong_source,evidence,prov,1
t31,t31|no_source,no_source,evidence,log,1
t31,t31|no_source,no_source,evidence,diff,0
t31,t31|no_source,no_source,evidence,prov,1
t32,t32|wrong_argument,wrong_argument,tool,log,1
t32,t32|wrong_argument,wrong_argument,tool,diff,1
t32,t32|wrong_argument,wrong_argument,tool,prov,1
t32,t32|corrupted_output,corrupted_output,tool,log,1
t32,t32|corrupted_output,corrupted_output,tool,diff,0
t32,t32|corrupted_output,corrupted_output,tool,prov,1
t32,t32|dropped_note,dropped_note,state,log,0
t32,t32|dropped_note,dropped_note,state,diff,1
t32,t32|dropped_note,dropped_note,state,prov,1
t32,t32|overwritten_note,overwritten_note,state,log,1
t32,t32|overwritten_note,overwritten_note,state,diff,1
t32,t32|overwritten_note,overwritten_note,state,prov,1
t32,t32|wrong_source,wrong_source,evidence,log,1
t32,t32|wrong_source,wrong_source,evidence,diff,1
t32,t32|wrong_source,wrong_source,evidence,prov,1
t32,t32|no_source,no_source,evidence,log,1
t32,t32|no_source,no_source,evidence,diff,1
t32,t32|no_source,no_source,evidence,prov,1
t33,t33|wrong_argument,wrong_argument,tool,log,1
t33,t33|wrong_argument,wrong_argument,tool,diff,1
t33,t33|wrong_argument,wrong_argument,tool,prov,1
t33,t33|corrupted_output,corrupted_output,tool,log,1
t33,t33|corrupted_output,corrupted_output,tool,diff,1
t33,t33|corrupted_output,corrupted_output,tool,prov,1
t33,t33|dropped_note,dropped_note,state,log,1
t33,t33|dropped_note,dropped_note,state,diff,1
t33,t33|dropped_note,dropped_note,state,prov,1
t33,t33|overwritten_note,overwritten_note,state,log,0
t33,t33|overwritten_note,overwritten_note,state,diff,1
t33,t33|overwritten_note,overwritten_note,state,prov,1
t33,t33|wrong_source,wrong_source,evidence,log,1
t33,t33|wrong_source,wrong_source,evidence,diff,1
t33,t33|wrong_source,wrong_source,evidence,prov,1
t33,t33|no_source,no_source,evidence,log,0
t33,t33|no_source,no_source,evidence,diff,1
t33,t33|no_source,no_source,evidence,prov,1
t34,t34|wrong_argument,wrong_argument,tool,log,1
t34,t34|wrong_argument,wrong_argument,tool,diff,1
t34,t34|wrong_argument,wrong_argument,tool,prov,0
t34,t34|corrupted_output,corrupted_output,tool,log,1
t34,t34|corrupted_output,corrupted_output,tool,diff,1
t34,t34|corrupted_output,corrupted_output,tool,prov,0
t34,t34|dropped_note,dropped_note,state,log,1
t34,t34|dropped_note,dropped_note,state,diff,1
t34,t34|dropped_note,dropped_note,state,prov,0
t34,t34|overwritten_note,overwritten_note,state,log,1
t34,t34|overwritten_note,overwritten_note,state,diff,1
t34,t34|overwritten_note,overwritten_note,state,prov,0
t34,t34|wrong_source,wrong_source,evidence,log,1
t34,t34|wrong_source,wrong_source,evidence,diff,0
t34,t34|wrong_source,wrong_source,evidence,prov,1
t34,t34|no_source,no_source,evidence,log,1
t34,t34|no_source,no_source,evidence,diff,1
t34,t34|no_source,no_source,evidence,prov,1
t35,t35|wrong_argument,wrong_argument,tool,log,1
t35,t35|wrong_argument,wrong_argument,tool,diff,0
t35,t35|wrong_argument,wrong_argument,tool,prov,1
t35,t35|corrupted_output,corrupted_output,tool,log,0
t35,t35|corrupted_output,corrupted_output,tool,diff,1
t35,t35|corrupted_output,corrupted_output,tool,prov,0
t35,t35|dropped_note,dropped_note,state,log,1
t35,t35|dropped_note,dropped_note,state,diff,1
t35,t35|dropped_note,dropped_note,state,prov,0
t35,t35|overwritten_note,overwritten_note,state,log,1
t35,t35|overwritten_note,overwritten_note,state,diff,1
t35,t35|overwritten_note,overwritten_note,state,prov,1
t35,t35|wrong_source,wrong_source,evidence,log,1
t35,t35|wrong_source,wrong_source,evidence,diff,1
t35,t35|wrong_source,wrong_source,evidence,prov,1
t35,t35|no_source,no_source,evidence,log,1
t35,t35|no_source,no_source,evidence,diff,1
t35,t35|no_source,no_source,evidence,prov,1
t36,t36|wrong_argument,wrong_argument,tool,log,1
t36,t36|wrong_argument,wrong_argument,tool,diff,1
t36,t36|wrong_argument,wrong_argument,tool,prov,1
t36,t36|corrupted_output,corrupted_output,tool,log,0
t36,t36|corrupted_output,corrupted_output,tool,diff,0
t36,t36|corrupted_output,corrupted_output,tool,prov,0
t36,t36|dropped_note,dropped_note,state,log,1
t36,t36|dropped_note,dropped_note,state,diff,1
t36,t36|dropped_note,dropped_note,state,prov,1
t36,t36|overwritten_note,overwritten_note,state,log,1
t36,t36|overwritten_note,overwritten_note,state,diff,1
t36,t36|overwritten_note,overwritten_note,state,prov,1
t36,t36|wrong_source,wrong_source,evidence,log,1
t36,t36|wrong_source,wrong_source,evidence,diff,1
t36,t36|wrong_source,wrong_source,evidence,prov,1
t36,t36|no_source,no_source,evidence,log,1
t36,t36|no_source,no_source,evidence,diff,1
t36,t36|no_source,no_source,evidence,prov,1
t37,t37|wrong_argument,wrong_argument,tool,log,1
t37,t37|wrong_argument,wrong_argument,tool,diff,1
t37,t37|wrong_argument,wrong_argument,tool,prov,1
t37,t37|corrupted_output,corrupted_output,tool,log,1
t37,t37|corrupted_output,corrupted_output,tool,diff,1
t37,t37|corrupted_output,corrupted_output,tool,prov,0
t37,t37|dropped_note,dropped_note,state,log,0
t37,t37|dropped_note,dropped_note,state,diff,1
t37,t37|dropped_note,dropped_note,state,prov,0
t37,t37|overwritten_note,overwritten_note,state,log,0
t37,t37|overwritten_note,overwritten_note,state,diff,1
t37,t37|overwritten_note,overwritten_note,state,prov,1
t37,t37|wrong_source,wrong_source,evidence,log,1
t37,t37|wrong_source,wrong_source,evidence,diff,1
t37,t37|wrong_source,wrong_source,evidence,prov,1
t37,t37|no_source,no_source,evidence,log,1
t37,t37|no_source,no_source,evidence,diff,1
t37,t37|no_source,no_source,evidence,prov,1
t38,t38|wrong_argument,wrong_argument,tool,log,1
t38,t38|wrong_argument,wrong_argument,tool,diff,1
t38,t38|wrong_argument,wrong_argument,tool,prov,1
t38,t38|corrupted_output,corrupted_output,tool,log,1
t38,t38|corrupted_output,corrupted_output,tool,diff,1
t38,t38|corrupted_output,corrupted_output,tool,prov,1
t38,t38|dropped_note,dropped_note,state,log,0
t38,t38|dropped_note,dropped_note,state,diff,1
t38,t38|dropped_note,dropped_note,state,prov,0
t38,t38|overwritten_note,overwritten_note,state,log,0
t38,t38|overwritten_note,overwritten_note,state,diff,1
t38,t38|overwritten_note,overwritten_note,state,prov,0
t38,t38|wrong_source,wrong_source,evidence,log,1
t38,t38|wrong_source,wrong_source,evidence,diff,1
t38,t38|wrong_source,wrong_source,evidence,prov,1
t38,t38|no_source,no_source,evidence,log,1
t38,t38|no_source,no_source,evidence,diff,1
t38,t38|no_source,no_source,evidence,prov,1
t39,t39|wrong_argument,wrong_argument,tool,log,1
t39,t39|wrong_argument,wrong_argument,tool,diff,0
t39,t39|wrong_argument,wrong_argument,tool,prov,1
t39,t39|corrupted_output,corrupted_output,tool,log,1
t39,t39|corrupted_output,corrupted_output,tool,diff,1
t39,t39|corrupted_output,corrupted_output,tool,prov,1
t39,t39|dropped_note,dropped_note,state,log,1
t39,t39|dropped_note,dropped_note,state,diff,1
t39,t39|dropped_note,dropped_note,state,prov,1
t39,t39|overwritten_note,overwritten_note,state,log,1
t39,t39|overwritten_note,overwritten_note,state,diff,1
t39,t39|overwritten_note,overwritten_note,state,prov,1
t39,t39|wrong_source,wrong_source,evidence,log,1
t39,t39|wrong_source,wrong_source,evidence,diff,1
t39,t39|wrong_source,wrong_source,evidence,prov,1
t39,t39|no_source,no_source,evidence,log,1
t39,t39|no_source,no_source,evidence,diff,1
t39,t39|no_source,no_source,evidence,prov,1
t40,t40|wrong_argument,wrong_argument,tool,log,1
t40,t40|wrong_argument,wrong_argument,tool,diff,0
t40,t40|wrong_argument,wrong_argument,tool,prov,1
t40,t40|corrupted_output,corrupted_output,tool,log,1
t40,t40|corrupted_output,corrupted_output,tool,diff,1
t40,t40|corrupted_output,corrupted_output,tool,prov,1
t40,t40|dropped_note,dropped_note,state,log,0
t40,t40|dropped_note,dropped_note,state,diff,1
t40,t40|dropped_note,dropped_note,state,prov,1
t40,t40|overwritten_note,overwritten_note,state,log,1
t40,t40|overwritten_note,overwritten_note,state,diff,1
t40,t40|overwritten_note,overwritten_note,state,prov,1
t40,t40|wrong_source,wrong_source,evidence,log,1
t40,t40|wrong_source,wrong_source,evidence,diff,1
t40,t40|wrong_source,wrong_source,evidence,prov,1
t40,t40|no_source,no_source,evidence,log,1
t40,t40|no_source,no_source,evidence,diff,1
t40,t40|no_source,no_source,evidence,prov,1
t41,t41|wrong_argument,wrong_argument,tool,log,1
t41,t41|wrong_argument,wrong_argument,tool,diff,1
t41,t41|wrong_argument,wrong_argument,tool,prov,1
t41,t41|corrupted_output,corrupted_output,tool,log,1
t41,t41|corrupted_output,corrupted_output,tool,diff,0
t41,t41|corrupted_output,corrupted_output,tool,prov,0
t41,t41|dropped_note,dropped_note,state,log,0
t41,t41|dropped_note,dropped_note,state,diff,1
t41,t41|dropped_note,dropped_note,state,prov,1
t41,t41|overwritten_note,overwritten_note,state,log,0
t41,t41|overwritten_note,overwritten_note,state,diff,1
t41,t41|overwritten_note,overwritten_note,state,prov,0
t41,t41|wrong_source,wrong_source,evidence,log,1
t41,t41|wrong_source,wrong_source,evidence,diff,1
t41,t41|wrong_source,wrong_source,evidence,prov,1
t41,t41|no_source,no_source,evidence,log,1
t41,t41|no_source,no_source,evidence,diff,1
t41,t41|no_source,no_source,evidence,prov,1
t42,t42|wrong_argument,wrong_argument,tool,log,1
t42,t42|wrong_argument,wrong_argument,tool,diff,1
t42,t42|wrong_argument,wrong_argument,tool,prov,0
t42,t42|corrupted_output,corrupted_output,tool,log,1
t42,t42|corrupted_output,corrupted_output,tool,diff,1
t42,t42|corrupted_output,corrupted_output,tool,prov,1
t42,t42|dropped_note,dropped_note,state,log,1
t42,t42|dropped_note,dropped_note,state,diff,1
t42,t42|dropped_note,dropped_note,state,prov,1
t42,t42|overwritten_note,overwritten_note,state,log,1
t42,t42|overwritten_note,overwritten_note,state,diff,1
t42,t42|overwritten_note,overwritten_note,state,prov,1
t42,t42|wrong_source,wrong_source,evidence,log,1
t42,t42|wrong_source,wrong_source,evidence,diff,1
t42,t42|wrong_source,wrong_source,evidence,prov,1
t42,t42|no_source,no_source,evidence,log,1
t42,t42|no_source,no_source,evidence,diff,1
t42,t42|no_source,no_source,evidence,prov,1
t43,t43|wrong_argument,wrong_argument,tool,log,1
t43,t43|wrong_argument,wrong_argument,tool,diff,1
t43,t43|wrong_argument,wrong_argument,tool,prov,1
t43,t43|corrupted_output,corrupted_output,tool,log,1
t43,t43|corrupted_output,corrupted_output,tool,diff,1
t43,t43|corrupted_output,corrupted_output,tool,prov,1
t43,t43|dropped_note,dropped_note,state,log,1
t43,t43|dropped_note,dropped_note,state,diff,1
t43,t43|dropped_note,dropped_note,state,prov,1
t43,t43|overwritten_note,overwritten_note,state,log,1
t43,t43|overwritten_note,overwritten_note,state,diff,1
t43,t43|overwritten_note,overwritten_note,state,prov,1
t43,t43|wrong_source,wrong_source,evidence,log,1
t43,t43|wrong_source,wrong_source,evidence,diff,1
t43,t43|wrong_source,wrong_source,evidence,prov,1
t43,t43|no_source,no_source,evidence,log,1
t43,t43|no_source,no_source,evidence,diff,1
t43,t43|no_source,no_source,evidence,prov,1
t44,t44|wrong_argument,wrong_argument,tool,log,1
t44,t44|wrong_argument,wrong_argument,tool,diff,1
t44,t44|wrong_argument,wrong_argument,tool,prov,1
t44,t44|corrupted_output,corrupted_output,tool,log,0
t44,t44|corrupted_output,corrupted_output,tool,diff,1
t44,t44|corrupted_output,corrupted_output,tool,prov,1
t44,t44|dropped_note,dropped_note,state,log,1
t44,t44|dropped_note,dropped_note,state,diff,1
t44,t44|dropped_note,dropped_note,state,prov,1
t44,t44|overwritten_note,overwritten_note,state,log,1
t44,t44|overwritten_note,overwritten_note,state,diff,1
t44,t44|overwritten_note,overwritten_note,state,prov,1
t44,t44|wrong_source,wrong_source,evidence,log,0
t44,t44|wrong_source,wrong_source,evidence,diff,1
t44,t44|wrong_source,wrong_source,evidence,prov,1
t44,t44|no_source,no_source,evidence,log,1
t44,t44|no_source,no_source,evidence,diff,1
t44,t44|no_source,no_source,evidence,prov,1
t45,t45|wrong_argument,wrong_argument,tool,log,1
t45,t45|wrong_argument,wrong_argument,tool,diff,0
t45,t45|wrong_argument,wrong_argument,tool,prov,1
t45,t45|corrupted_output,corrupted_output,tool,log,1
t45,t45|corrupted_output,corrupted_output,tool,diff,1
t45,t45|corrupted_output,corrupted_output,tool,prov,1
t45,t45|dropped_note,dropped_note,state,log,1
t45,t45|dropped_note,dropped_note,state,diff,1
t45,t45|dropped_note,dropped_note,state,prov,0
t45,t45|overwritten_note,overwritten_note,state,log,0
t45,t45|overwritten_note,overwritten_note,state,diff,1
t45,t45|overwritten_note,overwritten_note,state,prov,1
t45,t45|wrong_source,wrong_source,evidence,log,0
t45,t45|wrong_source,wrong_source,evidence,diff,0
t45,t45|wrong_source,wrong_source,evidence,prov,1
t45,t45|no_source,no_source,evidence,log,1
t45,t45|no_source,no_source,evidence,diff,1
t45,t45|no_source,no_source,evidence,prov,0
t46,t46|wrong_argument,wrong_argument,tool,log,1
t46,t46|wrong_argument,wrong_argument,tool,diff,1
t46,t46|wrong_argument,wrong_argument,tool,prov,1
t46,t46|corrupted_output,corrupted_output,tool,log,1
t46,t46|corrupted_output,corrupted_output,tool,diff,1
t46,t46|corrupted_output,corrupted_output,tool,prov,1
t46,t46|dropped_note,dropped_note,state,log,1
t46,t46|dropped_note,dropped_note,state,diff,1
t46,t46|dropped_note,dropped_note,state,prov,1
t46,t46|overwritten_note,overwritten_note,state,log,0
t46,t46|overwritten_note,overwritten_note,state,diff,1
t46,t46|overwritten_note,overwritten_note,state,prov,0
t46,t46|wrong_source,wrong_source,evidence,log,1
t46,t46|wrong_source,wrong_source,evidence,diff,1
t46,t46|wrong_source,wrong_source,evidence,prov,1
t46,t46|no_source,no_source,evidence,log,1
t46,t46|no_source,no_source,evidence,diff,1
t46,t46|no_source,no_source,evidence,prov,1
t47,t47|wrong_argument,wrong_argument,tool,log,1
t47,t47|wrong_argument,wrong_argument,tool,diff,0
t47,t47|wrong_argument,wrong_argument,tool,prov,1
t47,t47|corrupted_output,corrupted_output,tool,log,1
t47,t47|corrupted_output,corrupted_output,tool,diff,0
t47,t47|corrupted_output,corrupted_output,tool,prov,1
t47,t47|dropped_note,dropped_note,state,log,1
t47,t47|dropped_note,dropped_note,state,diff,1
t47,t47|dropped_note,dropped_note,state,prov,1
t47,t47|overwritten_note,overwritten_note,state,log,1
t47,t47|overwritten_note,overwritten_note,state,diff,1
t47,t47|overwritten_note,overwritten_note,state,prov,1
t47,t47|wrong_source,wrong_source,evidence,log,1
t47,t47|wrong_source,wrong_source,evidence,diff,1
t47,t47|wrong_source,wrong_source,evidence,prov,1
t47,t47|no_source,no_source,evidence,log,1
t47,t47|no_source,no_source,evidence,diff,1
t47,t47|no_source,no_source,evidence,prov,1
t48,t48|wrong_argument,wrong_argument,tool,log,1
t48,t48|wrong_argument,wrong_argument,tool,diff,0
t48,t48|wrong_argument,wrong_argument,tool,prov,0
t48,t48|corrupted_output,corrupted_output,tool,log,1
t48,t48|corrupted_output,corrupted_output,tool,diff,0
t48,t48|corrupted_output,corrupted_output,tool,prov,1
t48,t48|dropped_note,dropped_note,state,log,0
t48,t48|dropped_note,dropped_note,state,diff,1
t48,t48|dropped_note,dropped_note,state,prov,0
t48,t48|overwritten_note,overwritten_note,state,log,1
t48,t48|overwritten_note,overwritten_note,state,diff,1
t48,t48|overwritten_note,overwritten_note,state,prov,0
t48,t48|wrong_source,wrong_source,evidence,log,1
t48,t48|wrong_source,wrong_source,evidence,diff,1
t48,t48|wrong_source,wrong_source,evidence,prov,1
t48,t48|no_source,no_source,evidence,log,0
t48,t48|no_source,no_source,evidence,diff,1
t48,t48|no_source,no_source,evidence,prov,0
t49,t49|wrong_argument,wrong_argument,tool,log,1
t49,t49|wrong_argument,wrong_argument,tool,diff,0
t49,t49|wrong_argument,wrong_argument,tool,prov,1
t49,t49|corrupted_output,corrupted_output,tool,log,1
t49,t49|corrupted_output,corrupted_output,tool,diff,1
t49,t49|corrupted_output,corrupted_output,tool,prov,0
t49,t49|dropped_note,dropped_note,state,log,0
t49,t49|dropped_note,dropped_note,state,diff,1
t49,t49|dropped_note,dropped_note,state,prov,0
t49,t49|overwritten_note,overwritten_note,state,log,1
t49,t49|overwritten_note,overwritten_note,state,diff,1
t49,t49|overwritten_note,overwritten_note,state,prov,1
t49,t49|wrong_source,wrong_source,evidence,log,1
t49,t49|wrong_source,wrong_source,evidence,diff,1
t49,t49|wrong_source,wrong_source,evidence,prov,1
t49,t49|no_source,no_source,evidence,log,0
t49,t49|no_source,no_source,evidence,diff,1
t49,t49|no_source,no_source,evidence,prov,1
